{
  "timestamp": "2025-12-02T11:09:32.177118",
  "starting_points": [
    [
      2997.0,
      0.338
    ],
    [
      2997.0,
      0.291
    ],
    [
      1836.0,
      0.1
    ],
    [
      3000.0,
      0.333
    ],
    [
      2970.8,
      0.34
    ],
    [
      3236.8,
      0.291
    ],
    [
      147.97,
      0.1
    ]
  ],
  "all_results": [
    {
      "start_L": 2997.0,
      "start_s": 0.338,
      "final_L": 3015.5871775200008,
      "final_s": 0.042,
      "avg_accuracy": 95.29521434437892,
      "min_accuracy": 81.0390127973597,
      "accuracies": {
        "fine_structure": 95.64785825924164,
        "phi": 99.93982940760743,
        "pi": 99.52585129094994,
        "e": 99.75111871216532,
        "proton_electron_mass": 81.0390127973597,
        "weak_mixing_angle": 84.14967078850171,
        "muon_electron_mass": 93.11706960394888,
        "sqrt_2": 99.98689653115187,
        "sqrt_3": 99.97255655426844,
        "sqrt_5": 99.82227949859434
      },
      "perfect": false
    },
    {
      "start_L": 2997.0,
      "start_s": 0.291,
      "final_L": 2981.6064861400228,
      "final_s": 0.049,
      "avg_accuracy": 95.31776404971686,
      "min_accuracy": 80.69302877727291,
      "accuracies": {
        "fine_structure": 98.56679928695516,
        "phi": 99.88386426992626,
        "pi": 99.92956896744101,
        "e": 99.02283556627486,
        "proton_electron_mass": 81.58362981884734,
        "weak_mixing_angle": 80.69302877727291,
        "muon_electron_mass": 93.60070277316179,
        "sqrt_2": 99.97498896218627,
        "sqrt_3": 99.96858468945565,
        "sqrt_5": 99.95363738564744
      },
      "perfect": false
    },
    {
      "start_L": 1836.0,
      "start_s": 0.1,
      "final_L": 1798.4261583408302,
      "final_s": 0.05700000000000001,
      "avg_accuracy": 94.78839702987162,
      "min_accuracy": 83.81655960694663,
      "accuracies": {
        "fine_structure": 94.18838774538489,
        "phi": 99.95538400773383,
        "pi": 99.57611336066721,
        "e": 99.90613538127006,
        "proton_electron_mass": 83.81655960694663,
        "weak_mixing_angle": 85.29976170894751,
        "muon_electron_mass": 85.37893889654246,
        "sqrt_2": 99.98718864272385,
        "sqrt_3": 99.96976335968152,
        "sqrt_5": 99.80573758881819
      },
      "perfect": false
    },
    {
      "start_L": 3000.0,
      "start_s": 0.333,
      "final_L": 2973.6515707774174,
      "final_s": 0.049,
      "avg_accuracy": 96.17305999162629,
      "min_accuracy": 81.80147662744238,
      "accuracies": {
        "fine_structure": 98.51425968533133,
        "phi": 99.93111422244907,
        "pi": 99.86884455655516,
        "e": 99.91123742368863,
        "proton_electron_mass": 81.80147662744238,
        "weak_mixing_angle": 86.93154830941887,
        "muon_electron_mass": 95.05160228080048,
        "sqrt_2": 99.86972064181137,
        "sqrt_3": 99.96347567709765,
        "sqrt_5": 99.88732049166802
      },
      "perfect": false
    },
    {
      "start_L": 2970.8,
      "start_s": 0.34,
      "final_L": 2944.263605671679,
      "final_s": 0.041,
      "avg_accuracy": 95.35275090448783,
      "min_accuracy": 80.82116598876465,
      "accuracies": {
        "fine_structure": 98.56679928695516,
        "phi": 99.94121643204896,
        "pi": 99.58579577294233,
        "e": 99.60434762039696,
        "proton_electron_mass": 80.82116598876465,
        "weak_mixing_angle": 83.66789786414004,
        "muon_electron_mass": 91.66617009631017,
        "sqrt_2": 99.99572694505817,
        "sqrt_3": 99.982738222802,
        "sqrt_5": 99.69565081545983
      },
      "perfect": false
    },
    {
      "start_L": 3236.8,
      "start_s": 0.291,
      "final_L": 3231.364857215502,
      "final_s": 0.043000000000000003,
      "avg_accuracy": 95.11278844661429,
      "min_accuracy": 82.0737851381862,
      "accuracies": {
        "fine_structure": 95.64785825924164,
        "phi": 99.94474594946321,
        "pi": 99.86940666403936,
        "e": 99.67414178336199,
        "proton_electron_mass": 82.0737851381862,
        "weak_mixing_angle": 83.50730688935283,
        "muon_electron_mass": 91.18253692709727,
        "sqrt_2": 99.98337820003334,
        "sqrt_3": 99.83847602695128,
        "sqrt_5": 99.40624862841574
      },
      "perfect": false
    },
    {
      "start_L": 147.97,
      "start_s": 0.1,
      "final_L": 525.0,
      "final_s": 0.04,
      "avg_accuracy": 90.15151422604792,
      "min_accuracy": 41.25473937768815,
      "accuracies": {
        "fine_structure": 87.9330984598698,
        "phi": 99.99939085910218,
        "pi": 99.32524530001038,
        "e": 99.7562656428083,
        "proton_electron_mass": 41.25473937768815,
        "weak_mixing_angle": 77.67551726503767,
        "muon_electron_mass": 95.75936750415438,
        "sqrt_2": 99.97853689034918,
        "sqrt_3": 99.88784441180546,
        "sqrt_5": 99.94513654965371
      },
      "perfect": false
    }
  ],
  "perfect_points": [],
  "found_perfect": false
}